ID,LogP
13403,3.2218360527111773
13404,4.277387796391954
13405,4.8386840624663
13406,2.8379133343837184
13407,6.826147809549998
13408,6.805834671040179
13409,1.8601250855656812
13410,6.295050991245538
13411,2.9334087204947052
13412,4.484538091223775
13413,7.091179083489521
13414,1.2416111517483128
13415,2.471134079825405
13416,1.98152377024272
13417,5.6473645048149566
13418,4.819449924009582
13419,1.8671571430066622
13420,6.314109990617949
13421,8.333111207600686
13422,1.3765155417782335
13423,5.766384973501896
13424,5.130658502656573
13425,6.146453218405
13426,5.709924678673639
13427,6.075584730783659
13428,3.6377513969203044
13429,7.623546607814735
13430,3.3147096950220316
13431,5.056278959039607
13432,4.447211495180924
13433,8.621304653970327
13434,1.691687935154314
13435,1.8027923901165877
13436,5.33324453441546
13437,1.4089252026709427
13438,6.9617198569905785
13439,2.57731084940571
13440,2.7486562583183245
13441,4.784811775370148
13442,1.6164625716763428
13443,6.110274915810338
13444,5.470545776106457
13445,3.2601868806406173
13446,2.19648151968769
13447,1.3638775785714004
13448,3.4815086042534897
13449,4.587350688172382
13450,3.6964859290738294
13451,3.6011421268972788
13452,4.563641585995036
13453,7.028129248218605
13454,7.586999946232218
13455,6.839404744952255
13456,6.333932890918357
13457,7.435312648770108
13458,3.2066039118589638
13459,1.5765045570314378
13460,5.759840426647614
13461,3.8134964925959722
13462,6.262663340064078
13463,5.416970599367083
13464,6.212272567403206
13465,3.6403200146064036
13466,2.164462819127219
13467,7.330310896415036
13468,3.167268861437418
13469,6.108687231283383
13470,4.239334038581738
13471,4.125875783193843
13472,2.8440612402801273
13473,3.1547831380100293
13474,1.5466382903158538
13475,3.3535178055477455
13476,6.962751403652142
13477,5.731225831263712
13478,3.469922913258146
13479,5.25871488921152
13480,1.7200823150928866
13481,3.446616095547247
13482,1.4382666134984734
13483,4.314556345434088
13484,3.1588537155921794
13485,2.591864940247617
13486,7.975119273461015
13487,5.153578863837703
13488,2.6911435747766808
13489,0.74132747482073
13490,3.2547069098702925
13491,2.3220856363037163
13492,4.645654437952288
13493,1.7039934554197795
13494,2.106919897942237
13495,3.7774147554155135
13496,5.029711065393636
13497,4.280649366095432
13498,-0.542839366242119
13499,0.3134498895048955
13500,4.670118338103662
13501,2.24486454923488
13502,3.7695956588297967
13503,3.9718243190345963
13504,1.5128637732281933
13505,1.5966614501865253
13506,2.0698747398315778
13507,2.5569619619747748
13508,2.554580794556604
13509,0.8947196247104184
13510,4.216401209631306
13511,4.270471734482005
13512,4.759525554293704
13513,4.618600316544068
13514,3.5602679820262915
13515,2.527981390867888
13516,3.418213738119906
13517,4.57048244432786
13518,3.9683523522684023
13519,1.3432714913723807
13520,3.2048455726091727
13521,2.041064699121114
13522,2.124989634270264
13523,0.9723797721076565
13524,1.3955869409453472
13525,0.6271401845551077
13526,2.2399514793629174
13527,2.0401252420033367
13528,7.426263666407483
13529,0.4340493160792124
13530,4.0400600610917765
13531,4.380177591640774
13532,2.949705321252948
13533,6.278077063241643
13534,4.208005491212376
13535,4.815399067153978
13536,2.3480284942816327
13537,3.5612520690035834
13538,2.7692802159873446
13539,4.606529182340325
13540,2.895495402801714
13541,2.871811845708423
13542,4.773746848222267
13543,1.842068685289167
13544,3.601148893682996
13545,4.156809139727297
13546,2.573738101709374
13547,2.288084111158554
13548,3.8502715552962465
13549,2.351949932455163
13550,1.9136721360858675
13551,4.5430202248822935
13552,4.520108272455452
13553,3.0863087970713226
13554,4.917881534187426
13555,7.459549370828205
13556,-0.4150796334149002
13557,2.7450318493372996
13558,4.256624801713011
13559,6.280518967344068
13560,2.836953586910036
13561,-0.2097132026033192
13562,3.58390878483607
13563,5.185761007930518
13564,4.1913559950432795
13565,4.81758622209302
13566,1.9575353348115847
13567,6.593368158988902
13568,3.225648803259496
13569,4.276524438375165
13570,3.833338217506425
13571,0.5568138973130461
13572,3.5697308955775613
13573,4.924826300011096
13574,4.770832474804678
13575,4.9200150297779075
13576,3.5238129278392933
13577,5.127575256577973
13578,6.43717953432374
13579,0.21554696027079245
13580,0.684459235459879
13581,4.086072253834728
13582,3.5025752808443067
13583,3.5901122829060723
13584,7.903511900078208
13585,7.6140906664218555
13586,2.957219602713797
13587,1.6214273731454498
13588,2.695750555996311
13589,4.423462303034262
13590,2.8503661617924143
13591,-0.6306951582586443
13592,3.212116522486212
13593,3.188166147984549
13594,2.7173039119737337
13595,4.600221752099836
13596,2.6304800815936504
13597,4.272862343426937
13598,1.9277635896865561
13599,2.3811749641400493
13600,4.712285963851205
13601,3.3425645934981527
13602,5.341955480138042
13603,2.6861933001457023
13604,0.18540433439823886
13605,3.5544604109129887
13606,5.1468583400257
13607,1.0533551520056363
13608,5.326592525221665
13609,5.218559171875729
13610,3.1002165419804557
13611,3.7185261563331955
13612,4.577966888955723
13613,3.7932361862014816
13614,7.096173236747906
13615,1.5411360531447484
13616,3.5045574444465113
13617,4.507639561374953
13618,5.449770747931791
13619,2.4668806937161483
13620,5.72500675529418
13621,4.040142095283835
13622,2.757692439589147
13623,4.841486028555732
13624,0.6925016195869469
13625,4.6567874393668225
13626,3.1445052723208184
13627,4.19802466612079
13628,3.9919681471263453
13629,6.134061342622414
13630,3.076683480483079
13631,1.9606576053976257
13632,4.949815783510637
13633,3.73554105142497
13634,7.579406597263408
13635,4.04769396551465
13636,2.9898378800064602
13637,-0.18998428508607126
13638,4.379227855527681
13639,3.166069940837011
13640,4.164318455300405
13641,3.7102272158511367
13642,2.809139962977917
13643,4.228072621485428
13644,4.529095241615355
13645,1.5252933042554238
13646,4.273822736841696
13647,1.9786227583284641
13648,3.3180800968002573
13649,4.275954362931387
13650,4.653323063244672
13651,5.548668671634113
13652,-0.052952525323332195
13653,0.6143309461317563
13654,3.9923454051971117
13655,4.081730488574517
13656,2.981183431640866
13657,3.0092565215514395
13658,4.880611340954555
13659,3.8815933087819614
13660,5.338875558541618
13661,5.348267196269367
13662,4.381837522133444
13663,2.9633549709146907
13664,5.529437312263054
13665,2.607535655552697
13666,4.946357692574175
13667,2.976745760499612
13668,5.372313509657407
13669,4.163315208959729
13670,0.5202501663730474
13671,1.7723624363068575
13672,2.9100413029668495
13673,3.356450389885448
13674,3.183548435390553
13675,3.30003353834337
13676,4.109330468948324
13677,0.092980910945142
13678,6.968041681428251
13679,4.827802105710761
13680,2.840534742636284
13681,6.9551250849234325
13682,5.696606671248301
13683,2.4841288203250986
13684,4.2754152188405605
13685,-0.057120245047684426
13686,5.882401742160832
13687,3.4944542349421077
13688,2.7940559479633222
13689,3.7542407114700325
13690,3.054822758766073
13691,2.2584104072089666
13692,2.081764413153117
13693,3.454502054463471
13694,3.0982530373908697
13695,1.9314128010753615
13696,4.568103083154783
13697,5.698593445124089
13698,5.7875893718399425
13699,4.992887341636488
13700,0.009739940131664859
13701,3.0932072638146053
13702,4.817353921822635
13703,3.769428693950754
13704,1.0402678798809357
13705,6.781484210080581
13706,2.0066665463946394
13707,3.8105394278852125
13708,3.935580829261
13709,7.254154045981519
13710,3.189919229569882
13711,4.628960521643156
13712,2.739941009494434
13713,2.170717450668714
13714,3.0411884636031297
13715,6.238013695403723
13716,4.456517727864465
13717,1.737812069247931
13718,4.34025321206337
13719,5.672447571671675
13720,4.608462433681984
13721,4.774033394746853
13722,3.8778888879519022
13723,6.149588504620768
13724,7.472315591560032
13725,2.381444927605622
13726,1.1519708361361527
13727,4.980835193076659
13728,6.4445949361369355
13729,6.967807535096366
13730,2.2954973585551306
13731,2.6532876399928464
13732,4.156090076307179
13733,3.1766240008602162
13734,2.4267278115022206
13735,4.454827725573301
13736,2.596353602985597
13737,5.896454380088655
13738,4.8442425372919296
13739,4.08582437267577
13740,4.2217895425387955
13741,8.320237039907163
13742,2.1697104282920527
13743,4.806871372150553
13744,4.63148114718049
13745,5.322333690273661
13746,5.620597035613876
13747,1.4453797359937555
13748,3.788142359135488
13749,4.188483347211167
13750,6.832711898460763
13751,1.274516156416769
13752,5.067262874935839
13753,6.770367542598088
13754,3.142777816603631
13755,4.239965628798837
13756,5.4674885482156315
13757,5.414657964167024
13758,4.452301944005788
13759,3.1024331171333897
13760,4.488313866812021
13761,6.796198524489692
13762,8.09846216999982
13763,2.153794470160013
13764,6.31332286536275
13765,5.512140818977123
13766,2.9024284028768395
13767,8.550200689445127
13768,6.262986852944562
13769,8.724551744982708
13770,5.277134357018927
13771,1.1775290174095463
13772,5.65410451539817
13773,5.879155524724169
13774,1.9833819691847716
13775,2.3372294759482486
13776,2.1609054350993215
13777,4.662190487353911
13778,8.068786591679036
13779,6.577157024826959
13780,6.866511918781386
13781,3.450791892996337
13782,1.7732141553924925
13783,2.7058860827626177
13784,3.58739141762318
13785,3.605658989734687
13786,4.157804896673396
13787,2.771757598966011
13788,5.212921564706829
13789,3.1104276562442923
13790,2.1404460877373164
13791,2.669585109545603
13792,0.11057403950416317
13793,4.396974860605855
13794,3.5444837839527663
13795,2.502318743231171
13796,5.814932838850671
13797,2.9643530170796417
13798,3.5046406137256456
13799,5.354011425116331
13800,4.020912241120279
13801,2.6388012397074414
13802,5.338443946695908
13803,5.096908648813441
13804,5.529917380705214
13805,6.117666357334832
13806,4.207803168043714
13807,3.9033956568158117
13808,8.190476493149145
13809,1.2851002383698478
13810,5.150281654346994
13811,6.229167056103519
13812,5.075210713090384
13813,4.0234002680104215
13814,3.9126847513802847
13815,5.485417231121147
13816,3.747812827426732
13817,4.82699065654392
13818,7.375218597650802
13819,5.303221484519661
13820,4.773295695804996
13821,2.3996934403945898
13822,0.8959111087378273
13823,5.257379801298807
13824,4.393530085231825
13825,2.64251969553319
13826,6.423360409266061
13827,6.76741988835572
13828,3.8192643974285687
13829,2.831015859420971
13830,5.5263302759146935
13831,4.800981138537281
13832,1.0320257598676283
13833,1.1470853220630892
13834,4.59232840532011
13835,3.1480115393041777
13836,3.998790139141201
13837,2.079641042662887
13838,5.286670964246783
13839,4.253239069327676
13840,6.357618167985218
13841,2.2963652073721605
13842,4.419955486975304
13843,4.463596827270517
13844,5.235473439184037
13845,3.2745131448940934
13846,2.8973170595173485
13847,5.830326341150911
13848,7.971142513685634
13849,5.919294544056795
13850,5.937826079697128
13851,4.445793912174064
13852,2.511678895670072
13853,5.454091028243033
13854,2.4199983748342055
13855,5.871509608014229
13856,0.6226859163428857
13857,3.729042589846959
13858,4.566831648300701
13859,1.0246107631362489
13860,3.056380646366975
13861,1.373577019840583
13862,0.7287280248738277
13863,6.581972640245155
13864,2.528079353057795
13865,2.6221216411560677
13866,5.294552772887695
13867,4.201085648419033
13868,5.367413885695964
13869,1.9467029594523277
13870,2.6102058233536205
13871,3.018474805214452
13872,1.4151411742888835
13873,1.9232371540442044
13874,2.591454363060468
13875,3.8975310010403463
13876,2.5393661388996307
13877,2.3794096156402222
13878,3.28618484748273
13879,1.9870179958420096
13880,5.976832668444116
13881,6.239398550019192
13882,2.8953015413884016
13883,3.8590402607363092
13884,4.44541647512116
13885,2.122352189647688
13886,4.528409620457962
13887,3.7180284061646285
13888,5.266298509741913
13889,6.421258503484612
13890,2.8242912467001107
13891,1.8282156169291484
13892,3.107679860537176
13893,0.4932874378643522
13894,4.20568731484593
13895,2.2873307942119006
13896,1.1514611442320823
13897,4.3372681962673045
13898,3.254875099218355
13899,3.0504471590280247
13900,4.0293142664874155
13901,2.2790710454777408
13902,4.512889517374841
13903,1.910164357101593
13904,1.4295686755355161
13905,2.0119546180992143
13906,1.7008423950297586
13907,5.980713945520527
13908,3.559365127293656
13909,4.078235250702897
13910,2.537042446369353
13911,3.035826143365848
13912,1.6631369827529443
13913,1.0145771886295831
13914,4.692190893925755
13915,3.90450357059049
13916,3.849310705344558
13917,2.3293680160276673
13918,3.2328221915880464
13919,4.731448790347978
13920,0.11965804773565081
13921,3.1296619917492263
13922,1.0553778774997926
13923,1.660908618032056
13924,3.8804796343786894
13925,4.25469322201536
13926,3.9498589033003912
13927,3.7636141649060155
13928,3.7089188792600174
13929,2.7910228755610076
13930,1.946342568096072
13931,3.079977138561031
13932,2.277284544995938
13933,2.240884319415305
13934,4.909083538321282
13935,5.806225853337484
13936,3.5812425263573973
13937,4.401860109846227
13938,3.4182669089548385
13939,2.7514435889934266
13940,1.4630109224105567
13941,4.223397833194564
13942,3.2171952436469606
13943,2.267687335390875
13944,3.88760401862669
13945,2.5085552971128857
13946,1.7724945081102448
13947,2.2467005293916795
13948,5.456331297615168
13949,4.6340019785291044
13950,0.20205725805574618
13951,3.8851911068107077
13952,1.612099531692506
13953,2.6512215488914475
13954,2.1051498427833186
13955,-0.22389017170964784
13956,4.575301723584086
13957,0.12070309590546854
13958,2.524375540554056
13959,3.4223682813813436
13960,-0.5533101094903191
13961,-0.7689716762354515
13962,5.037797680251054
13963,4.55172554124837
13964,4.313636537256702
13965,3.5671512791533897
13966,3.692850443763341
13967,3.7524581979607103
13968,3.945362445456378
13969,2.3213855884476757
13970,2.477763763494333
13971,1.1780507316722042
13972,4.400733516209565
13973,2.9289566469695076
13974,1.9371276119074157
13975,4.48106564447876
13976,2.6966318595665353
13977,3.5978699640966294
13978,3.9751295870303025
13979,1.4176628348831237
13980,6.58818608297506
13981,2.9097882797481307
13982,4.9145436088864685
13983,1.8623744573781515
13984,0.7165208032830956
13985,6.513239436554381
13986,5.290727286508301
13987,4.197543569786971
13988,5.994789736836904
13989,2.4086016202937133
13990,3.5755264882221827
13991,2.1434463055831228
13992,3.1038891834289126
13993,3.7001063621370585
13994,3.5551402285114326
13995,2.4946406889787447
13996,1.597070965188757
13997,3.3107553694857117
13998,2.5709597827028556
13999,2.3519337604674484
14000,2.362297041027582
14001,2.0938358996601543
14002,4.059848276842028
14003,3.8828352247717044
14004,3.759979678141624
14005,4.194570563989837
14006,3.935216801627634
14007,3.862427460435629
14008,3.8399964714524915
14009,2.362198477828729
14010,4.297851255551331
14011,3.3622093660891235
14012,5.511251578987521
14013,4.434781807676407
14014,2.6478634077658354
14015,2.0469286820360466
14016,3.8607805803372623
14017,3.444242757831691
14018,1.7977148139431525
14019,5.604028917771563
14020,1.5804758818106206
14021,4.165989548624513
14022,3.4779276857991666
14023,3.1563676111048196
14024,5.071712742067726
14025,-0.2244632226862993
14026,4.1835417104574075
14027,5.188902020486271
14028,3.3275222345063473
14029,3.2460094010180036
14030,4.124697148140834
14031,3.830892137611184
14032,1.680916418289012
14033,6.728050109428128
14034,5.149093357711495
14035,2.1090595366401574
14036,4.006444940886373
14037,4.002542713164127
14038,3.3048488604201918
14039,7.695693529254818
14040,2.8551637166603996
14041,2.626905497265631
14042,2.918709106865661
14043,4.00068836167341
14044,2.814774694171181
14045,2.3213427709364813
14046,1.0869035080059015
14047,0.970513270290366
14048,2.24213815339885
14049,0.9512814825430836
14050,4.160742810205084
14051,4.134256634275996
14052,4.79741658864743
14053,5.322343369584022
14054,3.765580111061497
14055,1.539310715676069
14056,2.242118093574275
14057,3.4547807876211385
14058,4.0490802559820125
14059,3.7367486911965835
14060,4.11326037353535
14061,1.1701884989558484
14062,3.957420274295724
14063,2.7881597340823188
14064,1.7461505289221277
14065,0.28327364505007513
14066,4.190645707336647
14067,4.523463438910069
14068,3.448861754865951
14069,1.6323363684570924
14070,3.1782789264971676
14071,3.0688568329521404
14072,5.71058045033047
14073,4.064910185972918
14074,1.1305782598777634
14075,1.7570434313153565
14076,1.1461962992586732
14077,3.9985281269870887
14078,2.856511779590288
14079,3.584728804385543
14080,1.6917017077928223
14081,1.5715116839444745
14082,4.058692335949859
14083,3.136401050119818
14084,2.154285197305736
14085,2.5965494387019388
14086,8.466717393013441
14087,3.902967299665331
14088,1.4125008771959067
14089,4.442606322940001
14090,2.1694697601993242
14091,-0.5074947775810483
14092,0.2881183321875747
14093,3.155049001843684
14094,4.2060637194004755
14095,3.0372119346468325
14096,5.1191283029077255
14097,3.346810428517954
14098,5.996527476530283
14099,2.448917086901891
14100,4.942698244258311
14101,3.330180205388029
14102,2.556343283579423
14103,3.1735749701073144
14104,3.7350477840638714
14105,1.2730727991131063
14106,4.099108611390267
14107,3.569941338325629
14108,4.735545257764965
14109,6.239663385725535
14110,4.204914839973629
14111,3.5650072188443627
14112,4.763294752961329
14113,2.9482141416742342
14114,3.448924079814865
14115,2.9533601413129134
14116,3.839989910256336
14117,2.059649676607015
14118,3.3281873129563406
14119,3.96883260810735
14120,2.941631881831541
14121,4.127815867543763
14122,3.537331196765264
14123,4.1713311907405455
14124,3.1903628770616885
14125,-0.12507602253857616
14126,3.4989327720898764
14127,3.029036850764468
14128,4.113388024578429
14129,3.0690164171822207
14130,4.8828560607823555
14131,-0.5754625689215207
14132,2.9670923262471574
14133,2.1268707215430904
14134,3.211825931303686
14135,3.644140286809648
14136,4.04417177063719
14137,3.77342426551753
14138,3.2875791833752555
14139,5.21030770672383
14140,5.212632158847209
14141,4.534117659830624
14142,2.0111780879425476
14143,4.368372167479594
14144,2.6810882013649033
14145,3.1099666420128425
14146,2.0958321076723783
14147,2.8660137112333315
14148,4.300942178155339
14149,1.941244641052446
14150,1.9104150064290595
14151,0.9754278270264701
14152,3.1756842055519776
14153,4.21224954754322
14154,1.7984245454708252
14155,3.4562892606346995
14156,1.14376988792315
14157,0.5439953145814257
14158,0.7675565783533624
14159,2.1221465803091997
14160,0.9286847874161188
14161,2.750434611588128
14162,2.6542164626464535
14163,-0.23658516734317056
14164,0.46850067561670483
14165,2.7395348119496843
14166,-0.013509761521758978
14167,1.7445496803765357
14168,2.7520726525891295
14169,1.7305370506698565
14170,2.6654305497461883
14171,-0.5909158401211674
14172,0.44617123860266045
14173,2.2215679932936405
14174,3.009667853352505
14175,1.6717899155278553
14176,2.6345943090777517
14177,2.082752147410102
14178,2.458077524704596
14179,5.54071569574359
14180,2.2630171357548488
14181,1.3384391876946884
14182,3.765745354100983
14183,1.1364689801747359
14184,1.8678736611239617
14185,3.2081460327745273
14186,1.174061746488298
14187,3.200716094833508
14188,1.549384111974405
14189,0.43510811542692185
14190,3.4856574234925053
14191,3.445786635511532
14192,0.9628592399170631
14193,2.2705464467776917
14194,2.5868845548066526
14195,0.4985838847296635
14196,1.4326347200421097
14197,-0.03624287073849075
14198,4.607432935549698
14199,0.45898987487250986
14200,-1.0453681185592094
14201,1.3726165164868716
14202,1.319725401801291
14203,1.3864612155498026
14204,4.147179475928666
14205,1.5887281880572246
14206,1.892815798177564
14207,3.1764650214398515
14208,2.3064633400901657
14209,2.198167300827495
14210,0.7394622834168668
14211,1.9582608325152433
14212,0.6067085543282265
14213,2.467198935503882
14214,2.051919349195782
14215,1.4494024140464326
14216,2.8062130437103807
14217,4.088440451661953
14218,2.094797428980959
14219,1.141553842501177
14220,0.8390722289758517
14221,2.0004414667919126
14222,2.543472752519336
14223,3.555815643146171
14224,5.889453449986753
14225,4.787291455538531
14226,4.058086253783204
14227,4.04728981953799
14228,2.929702110185014
14229,1.8015897831941565
14230,0.5878852296257928
14231,3.657245082693885
14232,5.562014465515487
14233,3.689194423674183
14234,2.954433470678158
14235,4.87721370306873
14236,3.3252170149214724
14237,3.6168558033397344
14238,4.233839592715793
14239,4.156291403417237
14240,4.520315024367896
14241,1.767252288269928
14242,0.6183706467757788
14243,2.561994782688902
14244,5.073756501498638
14245,1.2585054885915743
14246,7.454662553910254
14247,4.567787333010848
14248,3.3520744448013886
14249,4.570875831088429
14250,3.569973052947854
14251,0.31172474667277694
14252,6.827225905722838
14253,2.874425632092785
14254,5.251336498983506
14255,5.033498591234443
14256,5.643681121487722
14257,2.3386223531041184
14258,8.69051476948898
14259,4.698024966060177
14260,4.565109436652186
14261,8.740791593496532
14262,5.632446715696349
14263,2.2198383782075757
14264,5.438000868264502
14265,6.246750765320721
14266,3.9608228446984923
14267,1.7623661779840225
14268,4.553862980673248
14269,1.9265748469264454
14270,6.406198292679846
14271,7.5850182809276046
14272,0.9168950348256919
14273,6.10451342665827
14274,1.2908684238519572
14275,2.2692223527665196
14276,3.268074272406504
14277,3.1618245027944667
14278,3.446123242482689
14279,3.133456336414027
14280,4.597572853923216
14281,5.228760589774872
14282,5.943399376565198
14283,3.1748162117587713
14284,6.111225671635422
14285,1.9105324400609
14286,4.625610490867307
14287,3.776639025109052
14288,5.616986530999486
14289,4.4315999163125515
14290,4.291305665969696
14291,3.2574008379375194
14292,3.3486045354070555
14293,2.931645042453132
14294,4.068246202426035
14295,0.16627203934080031
14296,5.647074004791565
14297,4.9795556451030105
14298,2.1398819838642065
14299,3.3325184933490393
14300,3.2703148441295893
14301,3.966824439605161
14302,3.0121812157116814
14303,4.516065950258404
14304,1.8143306937878534
14305,6.833032272454692
14306,4.47372596223277
14307,5.390272274724951
14308,2.50642107171928
14309,1.8626491727729975
14310,0.11294095238922358
14311,3.945042232988521
14312,3.1486496221264546
14313,4.3346220315259405
14314,5.686275500664803
14315,4.745660542302619
14316,4.305151234656316
14317,4.336548746613223
14318,6.229826037209728
14319,5.482763957285782
14320,3.0925854261730485
14321,6.08990400122551
14322,1.0411988561875636
14323,6.140711305900567
14324,4.514980040273048
14325,4.822098161349018
14326,4.531870406273203
14327,1.956052961567547
14328,6.198379404857676
14329,5.517728090552138
14330,4.412917446329871
14331,2.822238941218817
14332,1.269857937987132
14333,3.9630618787255454
14334,6.954391562683283
14335,5.6316257857111225
14336,3.843954571615395
14337,2.375073045322498
14338,1.1037392188597273
14339,4.2857627520555415
14340,4.586515449964649
14341,1.0286943790665424
14342,3.2287110980056566
14343,4.7785972321876145
14344,7.426557948414537
14345,5.1971787872518505
14346,6.592921100822239
14347,8.426831962805455
14348,2.588748885806664
14349,4.927451897075128
14350,4.013231764104133
14351,5.173370137101949
14352,4.798685527490936
14353,4.285317777286728
14354,5.301596814760904
14355,1.9620746037725667
14356,3.084356304234637
14357,2.198452557147559
14358,2.990750671907568
14359,3.090448743248672
14360,7.049439831931714
14361,2.013218554520427
14362,8.655945619050538
14363,4.34829656625848
14364,2.041094517871409
14365,4.140947487590033
14366,3.709438041213276
14367,5.709176072793245
14368,7.335203489776024
14369,2.0761837421156706
14370,4.9131984156675
14371,6.074460065330591
14372,1.7220835845186904
14373,7.523985169299102
14374,1.055472695190755
14375,2.6215283134948466
14376,8.253023219230952
14377,0.603339901898947
14378,6.070991791307511
14379,2.217081068947156
14380,1.0239800209554308
14381,8.153701539379231
14382,6.181434183462506
14383,1.3566162836594433
14384,5.707750676316246
14385,4.710726913533538
14386,4.743215888560927
14387,5.20124941564905
14388,1.55380817482064
14389,3.9464373106182915
14390,3.0444127681928412
14391,5.683582445604147
14392,3.684597135289464
14393,4.388730638284788
14394,3.1364708462859445
14395,5.139732055976962
14396,5.201494604844541
14397,0.18833768986525876
14398,6.088946761076067
14399,1.0808805648351978
14400,3.5672881638349745
14401,3.4082515014107964
14402,3.0414584646919147
14403,3.914796970528302
14404,7.751510807429439
14405,0.6643689340176346
14406,4.107618792890888
14407,4.060419524294771
14408,2.860363362161744
14409,5.371740248201458
14410,5.052596279100309
14411,2.834032745801542
14412,4.182754440813563
14413,2.855797223367892
14414,3.3348915286330034
14415,4.015805949011094
14416,5.272863449953842
14417,3.7060788903385475
14418,3.34464007525606
14419,1.2695966927293096
14420,7.595232188189685
14421,3.8433908050484478
14422,3.008591191528097
14423,7.2256776846821476
14424,2.4880218103903537
14425,5.791043590646341
14426,5.287405006824485
14427,3.4218394787351087
14428,3.826401765627086
14429,3.2130633655054903
14430,2.401205886661138
14431,2.539007139747582
14432,1.9603847130598722
14433,1.5464283140527724
14434,2.4398138954809054
14435,3.352759711587016
14436,3.3420626826008064
14437,3.507500774760058
14438,4.00207588462812
14439,3.9705960462451717
14440,3.454161088504838
14441,4.663543301138165
14442,4.978308398477683
14443,2.4462436049031133
14444,2.8662981765500994
14445,4.078614082326748
14446,3.127641280235152
14447,4.192551564081294
14448,2.1765626103278968
14449,1.9286723399293726
14450,2.875024369397315
14451,0.9858949211731113
14452,3.0628079101839973
14453,4.386296056494402
14454,-0.07882509579143689
14455,3.6364162014519246
14456,3.230802458897554
14457,2.976298826717768
14458,0.8541611539225109
14459,3.741998609492085
14460,2.193087198287051
14461,3.8271845353433203
14462,3.3104941980987794
14463,2.5771318697683183
14464,3.6031098173723155
14465,1.0934989978911434
14466,2.9257005153920126
14467,2.944950772269684
14468,4.0753877213621
14469,2.8613536462762585
14470,3.135624179688769
14471,2.4032631906745094
14472,3.152496766575646
14473,2.8265049732930234
14474,3.0978416142677805
14475,1.3569881499430076
14476,3.5475347998763453
14477,1.9987747479117732
14478,2.415982107546754
14479,2.884298556955455
14480,2.528064259700037
14481,3.4293518585709055
14482,4.81120532621905
14483,2.980129898417707
14484,1.7741363397958214
14485,2.947000251589908
14486,4.235218344292105
14487,3.4245708172405873
14488,2.7941801762466483
14489,2.672998806268467
14490,2.7487012317961383
14491,3.5148356401176555
14492,0.7581081637927599
14493,-0.19807765520092402
14494,2.4941613010810233
14495,3.0188532746220815
14496,2.717027507733604
14497,2.5795452870711246
14498,2.9395175275349597
14499,2.736875708448653
14500,2.053840957573441
14501,2.9948469461540084
14502,4.046059907498604
14503,2.2198957173075
14504,2.5685883106004335
14505,3.392836650563111
14506,3.6161387117758643
14507,2.8468534596305255
14508,3.0216128844767383
14509,3.217320989830866
14510,2.0315439919389915
14511,1.773435602740388
14512,1.6352229486336802
14513,3.7026402249184382
14514,5.436655639377302
14515,3.287963253684984
14516,3.9502699806354116
14517,2.8451525113217935
14518,2.916493670031934
14519,2.081762121322292
14520,3.539263153268662
14521,2.6852982495713285
14522,4.85899346376571
14523,3.9804671556527733
14524,5.6663720525337204
14525,2.761771194176574
14526,1.3339106084807173
14527,1.0798462917247709
14528,3.058708160993783
14529,1.4758645778159933
14530,1.5603048403077926
14531,2.696617525624453
14532,1.9786361281010967
14533,3.149461471486217
14534,2.5066360513473174
14535,4.918939868030909
14536,3.772500369795643
14537,3.771721689944609
14538,0.04280413818545643
14539,3.6839990469429877
14540,1.775951967331374
14541,2.9978566656931034
14542,0.9468974476480005
14543,3.4680718855867707
14544,2.959654772550371
14545,2.5690250709140185
14546,2.6550996068084602
14547,2.029680583309518
14548,3.1197250507661227
14549,3.819577396819698
14550,2.3334514671268503
14551,0.2118099530378011
14552,2.9471477743192347
14553,3.330022605986901
14554,2.427012062872345
14555,3.532773841019673
14556,3.335485093744647
14557,3.3622785827276074
14558,2.971733529077922
14559,0.9539103881385722
14560,3.8163903936911443
14561,3.2706363905112603
14562,3.0715799808889046
14563,1.636294782946804
14564,2.2012983063109424
14565,4.999902317361846
14566,3.7187486849355293
14567,3.9944495718431856
14568,1.9021909619259594
14569,1.320019437502812
14570,4.236777387327027
14571,5.08749661567083
14572,5.843123380760069
14573,2.3437828826430085
14574,3.165109511774043
14575,1.6796270519711127
14576,3.9784728912493
14577,0.38000427595373915
14578,1.4432065670508942
14579,3.2987696780393034
14580,5.607045376398085
14581,5.158929542630453
14582,-0.9796513916184258
14583,2.7589956493568897
14584,2.646368143324803
14585,3.344999170923
14586,1.4640797408669612
14587,2.449803281897216
14588,3.467039385294358
14589,2.1905782919851546
14590,3.2698792970870403
14591,5.348189198594422
14592,2.773417788552701
14593,5.922596377242852
14594,2.5093361280781075
14595,2.1539600681973186
14596,1.616507854077601
14597,1.638814106850552
14598,1.7602618624177093
14599,2.111193848502574
14600,1.303363218439977
14601,2.6879017177882707
14602,2.826042261045213
14603,3.457408758080714
14604,2.860522465598646
14605,1.5905407038933919
14606,4.5049095414594245
14607,2.7840187138036483
14608,1.8137711011771513
14609,3.623188806390522
14610,1.7590409698873262
14611,3.224894622138574
14612,3.561511284188687
14613,1.6180238859954548
14614,2.064031731404004
14615,1.891828400326724
14616,3.94038725790733
14617,3.0247790199455133
14618,2.27269746191232
14619,0.9238345451668276
14620,3.529378275872409
14621,3.8528565770330343
14622,5.539966371987832
14623,2.611843374965324
14624,1.4885637487333794
14625,2.5999269681792705
14626,1.4302099457039001
14627,2.752185342588737
14628,2.242436422933536
14629,0.9432599970831071
14630,1.8983918010782992
14631,1.5981958744126488
14632,3.005371016719999
14633,3.7182267938710436
14634,3.3981748564265546
14635,2.6580901317474037
14636,3.1308925822415987
14637,2.5980078783179406
14638,4.655341608666059
14639,5.405900083437688
14640,3.2583852668359476
14641,3.150127835618406
14642,5.474435172874471
14643,2.5007237632454102
14644,3.696345750356352
14645,3.0948235152195185
14646,2.3255417976662254
14647,4.396179512174259
14648,2.740411956671333
14649,1.526027324718857
14650,2.258148640268219
14651,4.32509613255048
14652,1.0520541261471257
14653,3.3974106712165706
14654,2.7506160882832553
14655,1.401201965754744
14656,8.365862358572388
14657,7.032120855700386
14658,6.36073557873199
14659,7.744895482396898
14660,6.637806663555818
14661,6.384169580882254
14662,6.476436139815035
14663,3.9507233114040856
14664,6.6608819498807055
14665,5.880924877294577
14666,6.840060134130717
14667,5.792811976414091
14668,6.829769861575901
14669,6.400101958758659
14670,5.791768645620605
14671,0.7263163619778923
14672,3.7065508842514743
14673,2.6168591201720504
14674,0.4974383461312079
14675,5.997226127342801
14676,4.543564719861324
14677,3.7412907130312334
14678,4.994170238436875
14679,4.109688689784739
14680,0.35996284201149437
14681,7.500930221926878
14682,2.89750380468569
14683,5.169174043069423
14684,3.0406873521555786
14685,4.626092095297274
14686,4.833082327832875
14687,5.97413561538063
14688,2.381178481274513
14689,5.3980041979603826
14690,6.229646694435773
14691,3.727840261554502
14692,5.292133399649449
14693,4.029535578853643
14694,4.966013748051315
14695,2.8930353086072813
14696,2.571890709648449
14697,1.8782658359772528
14698,1.2802482538915805
14699,3.5484424193880773
14700,7.17135036057429
14701,5.218515698655216
14702,6.048779780872907
14703,4.032936273551991
14704,6.821006459764729
14705,6.278843961625524
14706,3.6942832850531584
14707,2.6783014970875154
14708,6.903650882461733
14709,6.703339822419844
14710,7.665028666603605
14711,2.954322605372788
14712,4.640365258955196
14713,6.2564569028437464
14714,2.867774258580198
14715,1.591829268749144
14716,6.140800611109485
14717,6.0123004546211885
14718,4.4696399807015155
14719,4.642413400967126
14720,7.207030226616396
14721,3.316974034384438
14722,6.730645831466019
14723,6.213471658849347
14724,7.626754122712226
14725,5.302846729497784
14726,5.0998281316873975
14727,3.7860464115248473
14728,5.476350001409364
14729,4.38048631392696
14730,6.0905130515516355
14731,0.0649967786744679
14732,6.185331132676295
14733,4.95539045263188
14734,2.9356083748686217
14735,3.9570514747975745
14736,4.336833904843594
14737,3.575031253940133
14738,3.2035028381902153
14739,7.3809757838345185
14740,3.9944255313874586
14741,1.8986391937500855
14742,7.253880000697114
14743,3.767194162718499
14744,5.983685151998072
14745,3.4792133581587192
14746,2.0964387813273775
14747,5.8862059682332335
14748,3.1915269955893892
14749,5.332255175882861
14750,1.7393535310133594
14751,6.0847817241543165
14752,3.741090622176361
14753,6.058807735791952
14754,2.40781929140849
14755,3.4085553943049645
14756,4.445295620016974
14757,4.923945357329993
14758,2.14609405688741
14759,4.705396342659626
14760,4.37804267355086
14761,5.205446542728314
14762,3.9256577298007636
14763,2.1093706311488676
14764,4.319016548036708
14765,3.487159217484451
14766,3.3086183358058703
14767,2.2611163816821094
14768,3.028169940627085
14769,3.4617105386531506
14770,3.5011851544943022
14771,7.246428802393099
14772,5.673916056356217
14773,4.510733403248977
14774,4.789674865674825
14775,3.591620471314399
14776,2.6246291669370763
14777,4.805533436461765
14778,4.538305639332899
14779,1.8084144915573597
14780,5.289271111224067
14781,3.6940441788680385
14782,2.5851814197124314
14783,-0.4438313329935651
14784,2.462553756710502
14785,5.70038557455075
14786,4.795530031533374
14787,2.9624908580894456
14788,2.5753792107083457
14789,4.376469697573716
14790,2.206268394086975
14791,5.04660777487554
14792,2.6573277703800278
14793,1.004088009206122
14794,2.165772170873598
14795,-0.36065973252240874
14796,3.190365330083063
14797,4.452212434682614
14798,3.0347765263464086
14799,4.159257031559075
14800,4.372815436630873
14801,4.194045574677542
14802,-0.7361860337626646
14803,2.381895506305394
14804,4.3832417392683185
14805,3.1126694320828925
14806,2.3242362624368607
14807,2.4685558434596695
14808,2.4895326134848736
14809,4.620767820353662
14810,5.41676481255227
14811,1.4732544057122778
14812,2.777432572672221
14813,5.133883951204633
14814,3.089465249472319
14815,3.2434520833685196
14816,3.1379950204010925
14817,3.2336709518655553
14818,-0.7239930020754037
14819,3.007384222966977
14820,3.666514036346289
14821,1.4797149903807303
14822,3.6315176605141755
14823,3.581350014041056
14824,0.9231166401997964
14825,5.285675932748135
14826,2.105113648269394
14827,3.2133694508755086
14828,2.8029032359774115
14829,0.9781527012586864
14830,3.7373444010050294
14831,1.6020457485709518
14832,4.803586609306944
14833,2.9804911798633658
14834,4.857077465166795
14835,3.5079783239019386
14836,4.186289083426283
14837,4.665460130518671
14838,0.4437948599557386
14839,-0.5895459354555573
14840,4.84663907326825
14841,5.399670055341259
14842,4.889520798906848
14843,7.958927817100004
14844,5.198084790529955
14845,4.41004672027783
14846,4.230367732417186
14847,3.897140864969862
14848,6.09694378724004
14849,4.004445997153583
14850,8.060101148201248
14851,4.028299723555047
14852,2.9706289892324502
14853,3.452641792647005
14854,0.0752697336520245
14855,1.252620044982916
14856,4.83521597474654
14857,2.094110372319827
14858,2.5629426104560444
14859,1.8738042700764923
14860,4.4673623032638154
14861,2.7354460934044433
14862,2.9388776035655466
14863,3.3470081627237205
14864,0.3901302076165559
14865,3.9078243404071467
14866,1.7522788761256374
14867,2.2942542099537513
14868,4.891888754039833
14869,4.4175935621210956
14870,4.167160130309425
14871,5.177301050295364
14872,2.7517418528169673
14873,2.8063716153673197
14874,3.814733772782887
14875,3.658980380719864
14876,4.084880824699444
14877,1.409265006327304
14878,4.206230509376273
14879,5.639085826915164
14880,4.345592509590402
14881,4.402182163976851
14882,1.4058535403049097
14883,5.363908523030099
14884,2.4099487546784353
14885,7.302855058630287
14886,7.166633330957144
14887,5.427525228088445
14888,2.3531207138417143
14889,5.7896742774022965
14890,5.2462174245959154
14891,3.3356053854316006
14892,2.294492695117611
14893,3.671881202197536
14894,3.1312663477690683
14895,6.624036800907049
14896,6.192185209779115
14897,5.37748315133374
14898,4.886066341816594
14899,4.991147301121031
14900,4.692499993999315
14901,8.229445706662037
14902,4.969690962568572
14903,1.7970909548473923
14904,6.516256595857826
14905,6.341329186624472
14906,5.535271327361732
14907,0.5634444862077669
14908,4.86255460585212
14909,3.7029243628051347
14910,1.9565569327881447
14911,6.179481456979827
14912,5.306676739504008
14913,5.242268510215342
14914,5.940183463603545
14915,3.437786825710697
14916,5.499099340975755
14917,7.2414334991235965
14918,6.49786728619106
14919,3.9824294297290517
14920,6.398483980100259
14921,6.728390882994115
14922,2.5118557699884656
14923,5.618386395392511
14924,4.779895153651738
14925,2.2626126881653628
14926,5.169359987694194
14927,4.801525569952314
14928,7.15592425384488
14929,8.254805372524416
14930,4.692412546973119
14931,3.2327459460315966
14932,4.487015572684799
14933,8.881902861267644
14934,2.566500554504067
14935,3.739392077116948
14936,6.4576078288149175
14937,6.3619149529837795
14938,5.562532504569045
14939,3.7208891667562867
14940,4.5574957951848205
14941,0.6849956507106805
14942,6.6563488158370685
14943,-0.03753759611584534
14944,5.810698541438853
14945,3.733297192367635
14946,7.883420271206179
14947,1.1496410392576624
14948,2.6331408199279087
14949,1.7203520016995417
14950,5.666016883742772
14951,1.5730594079452582
14952,3.4205004247827375
14953,4.381943152996845
14954,0.5006675611956647
14955,3.1956226116876687
14956,3.8324389023381276
14957,1.564108609231882
14958,2.386110116875553
14959,2.360323801990056
14960,2.2510947861159476
14961,1.918813504864768
14962,1.911584296865572
14963,2.629960589539807
14964,1.2347548596399507
14965,4.491799114331173
14966,3.5906622286213947
14967,2.048163253573914
14968,2.2966683436837236
14969,5.111717919288534
14970,2.2350975318491946
14971,4.4081232507555015
14972,4.592830720320539
14973,3.1471031302933756
14974,3.1231783205658
14975,1.6873604639078783
14976,2.8921684758663817
14977,3.5577973496724438
14978,2.7164912829905483
14979,3.3667670562332335
14980,6.032425576255806
14981,5.034008649580681
14982,0.9276768186454887
14983,3.8404590967275443
14984,3.339528419172449
14985,4.28630926748677
14986,2.325001216513941
14987,2.1630866766941477
14988,4.156440135227016
14989,1.8394235124488327
14990,1.1171594922914478
14991,2.309919832088746
14992,1.9521608615911523
14993,4.621658065567333
14994,6.17120636693538
14995,3.3871850259666205
14996,3.929643670210262
14997,2.1925467647408152
14998,2.8565205526342026
14999,3.476515691011766
15000,1.734115198267776
15001,1.417207031308573
15002,4.776897217747763
15003,3.672533106392638
15004,1.952071534162483
15005,3.0259490851112494
15006,1.1259960715725286
15007,3.014244729046472
15008,3.2207433425096714
15009,2.2296110766645323
15010,4.121699453947621
15011,3.530604427059391
15012,2.964970123894431
15013,3.3036141201468916
15014,1.0919074664407002
15015,3.695794919087258
15016,3.525085668353582
15017,3.727734397473234
15018,1.6657146977596664
15019,2.430965525528622
15020,6.640633121823917
15021,3.319246021725387
15022,2.7281269014694267
15023,4.863548887500555
15024,1.2093275826004883
15025,3.0951757059864566
15026,3.305601310072781
15027,1.2947630156068164
15028,3.4254416872012774
15029,4.128384464615479
15030,4.413775223745475
15031,1.7225930800027744
15032,2.528530743494956
15033,2.278477871724189
15034,3.600735379751284
15035,0.7016287425843503
15036,4.517240089091124
15037,1.7361519329365298
15038,6.543407280919084
15039,4.6976944569632995
15040,2.6063652247352245
15041,3.8126222975338004
15042,2.5383472301390624
15043,4.179046238978456
15044,4.19337782746799
15045,1.1087056544334841
15046,2.1821434443864502
15047,2.7991519595348047
15048,3.122738030374819
15049,3.078133959054056
15050,4.320000134249687
15051,1.8537619906056473
15052,5.480765866760581
15053,1.02970226750159
15054,3.257142965118435
15055,2.1880107355955953
15056,2.437294256563655
15057,3.6758461947670007
15058,4.987633971129533
15059,2.6260135219518075
15060,1.5437146901655612
15061,-0.9793392789041572
15062,5.314167637702421
15063,2.951078225546567
15064,3.191626177309465
15065,4.706670839608049
15066,4.626398030788185
15067,0.2491865390305234
15068,1.9761074196523638
15069,4.613468174904929
15070,6.2447853380452205
15071,3.818249297621782
15072,3.2668456676173916
15073,0.8170662771769308
15074,3.9877926906405587
15075,2.9440528867595077
15076,3.419921635341723
15077,3.8032708056762976
15078,5.176839605177946
15079,4.1142112915140014
15080,-1.5175853941513209
15081,3.440073052352514
15082,0.6121833749067378
15083,4.3825154796319
15084,2.768739566225293
15085,1.397695238740223
15086,2.050095944627042
15087,4.655779932041341
15088,3.764427745287325
15089,1.9326607151540904
15090,4.394701390668484
15091,4.8166848973797105
15092,1.0244091883654975
15093,2.4470888818422063
15094,5.04777335775431
15095,4.442777754173828
15096,1.689026261016798
15097,2.5174823093201057
15098,4.73690588561085
15099,3.6203452181597675
15100,2.2436272766949705
15101,1.8670989708632555
15102,-1.4328723968595867
15103,1.4002209362168496
15104,1.9061778891355075
15105,2.5195120758158054
15106,2.271598309309266
15107,1.9888116969061889
15108,2.74552802628899
15109,3.5687267767889788
15110,-1.3690965204877374
15111,3.262097875080765
15112,2.180216250510086
15113,1.3256218689779147
15114,2.819843158401272
15115,3.0003352186030625
15116,3.129591501685952
15117,0.897972050651989
15118,2.2378156364076913
15119,1.509610027574805
15120,1.073225942451867
15121,1.0233074496586556
15122,2.6893167446938073
15123,3.9694086996527416
15124,2.6005572697159467
15125,1.5150498753565709
15126,2.40978843667149
15127,3.752713583043033
15128,2.1625190862014225
15129,2.3038964131876276
15130,1.0278137232900264
15131,5.345299789094341
15132,7.321402357897307
15133,4.985178785935558
15134,6.050041011112425
15135,5.667300777547739
15136,2.705281809397464
15137,4.164558255623933
15138,4.08398575525143
15139,4.577451731349699
15140,3.9599618667208736
15141,3.7982593941392837
15142,5.178664513370241
15143,2.446495649194828
15144,3.6980121640872072
15145,3.749649239368311
15146,1.9087186219698609
15147,-0.04954948358003594
15148,2.0633254051001213
15149,1.3631923344000207
15150,3.977469783389124
15151,2.0187566161940462
15152,2.3144060630953196
15153,4.738628343509987
15154,6.3845434157788254
15155,4.210054290506528
15156,0.9396370954730111
15157,4.84363964007091
15158,8.121596461408693
15159,3.4335208314889076
15160,4.311892721135424
15161,3.247807531611281
15162,6.505733790387159
15163,3.6174049607600085
15164,4.991404888495849
15165,7.948189016429055
15166,3.728207550082171
15167,2.588399982563004
15168,5.060967867084499
15169,7.35905485425798
15170,2.6158491499922496
15171,4.682920288397817
15172,5.507691951851883
15173,6.0360562091959435
15174,5.3602134069925995
15175,4.978882444192891
15176,2.5684883616999574
15177,3.234481356102049
15178,3.0783689413185114
15179,3.247391083147801
15180,0.6149024420468865
15181,2.1900361857222777
15182,6.452321544871831
15183,4.190991250795616
15184,4.5529857808302285
15185,8.182835023262843
15186,4.310629358259555
15187,5.77050674711834
15188,5.821503646176562
15189,4.778236609850238
15190,2.3223263400988854
15191,1.5378024331792801
15192,3.1011266705099736
15193,1.1858818042450046
15194,4.77790480554288
15195,3.7078699171916094
15196,3.229489398251671
15197,2.6859732174169695
15198,3.7802898586404483
15199,4.316386519617927
15200,3.5187007139707496
15201,2.5617252976038074
15202,3.2874082117222967
15203,1.9199709224714523
15204,4.136271348251812
15205,2.272745076617304
15206,5.56149593301217
15207,2.4331546795005377
15208,5.535149782945694
15209,3.980700364175283
15210,-0.3764172789236981
15211,2.3956511967088616
15212,-0.16061034589853485
15213,4.837110576334952
15214,2.095865537702862
15215,6.5899657504128495
15216,5.08632921233039
15217,3.297739453016667
15218,4.333876647915451
15219,5.106166363970797
15220,0.9320457274125835
15221,6.11096534473595
15222,1.6044836124397446
15223,4.969305878072749
15224,2.2544001846584996
15225,3.817484294736955
15226,2.6117141908010257
15227,1.3006344722201488
15228,2.1969349347746894
15229,3.9553624448903424
15230,3.237719591807217
15231,1.582473153738472
15232,2.301783505905346
15233,2.662499891150711
15234,1.7055951720851819
15235,1.0846643466415233
15236,0.6425661673827224
15237,3.0293949613831836
15238,2.663537994255437
15239,2.9047550133316147
15240,2.8329778387269955
15241,5.239154992497848
15242,3.945601770216424
15243,2.899311348865109
15244,2.0509273191205213
15245,2.6090089883959546
15246,2.200784339485398
15247,2.7729541860016838
15248,0.9507603698797513
15249,2.347861412775652
15250,2.417791403103121
15251,4.286652586609964
15252,0.5535801620872232
15253,2.7609552883460733
15254,0.39546961971021416
15255,3.1736377259951025
15256,3.190629093405384
15257,1.743022138485581
15258,3.426195309577685
15259,3.5478748677643273
15260,3.929082220814838
15261,2.0127659943419127
15262,4.7079083779314255
15263,1.7092820002086437
15264,1.9642620643154325
15265,4.696923390840512
15266,0.7654274967892816
15267,3.5691112537559286
15268,1.3847707274413632
15269,2.439147533328181
15270,2.298843706883738
15271,4.076642980746739
15272,2.0649321789249107
15273,2.223576430905831
15274,3.669565803563816
15275,3.0061166979605938
15276,3.7851541971433593
15277,5.958247968693447
15278,0.9742777007659376
15279,0.2578184859783944
15280,2.295400227385781
15281,4.3739109379442365
15282,5.120208517104833
15283,4.728601849570882
15284,3.489891808359067
15285,4.475434611615945
15286,3.19300370810653
15287,2.6695315219942275
15288,4.648922144736363
15289,2.881594047692592
15290,2.5831720420613786
15291,1.6387464868400055
15292,3.103033083001549
15293,3.8055980600280885
15294,2.718288274702248
15295,0.9386325231818271
15296,-0.5246709554804408
15297,1.6035502652100426
15298,1.8426642883277373
15299,1.842263611065755
15300,5.564544627292243
15301,1.2120679156149716
15302,3.852816345074406
15303,3.0086511568812595
15304,0.8558185863845614
15305,0.5715006307150897
15306,2.4759030723548845
15307,2.3044262964048805
15308,2.771791611639653
15309,3.6192530382453225
15310,3.2136853238620438
15311,2.7749940773462245
15312,1.0069643517117652
15313,4.181052139594101
15314,1.093940857805575
15315,2.46540060760261
15316,2.536728836477896
15317,2.2399305212279654
15318,1.396277849037641
15319,3.5330560592060025
15320,2.5530179517422296
15321,3.6690301500194336
15322,2.574514829606099
15323,3.6499189280172395
15324,1.9977813047624096
15325,1.227189974468956
15326,4.059720303016446
15327,2.5059511158585046
15328,3.8554542194314054
15329,3.4982442843739605
15330,3.6468814192632735
15331,2.623358252232939
15332,3.1725694069676935
15333,2.3358869417567574
15334,3.3795485390663886
15335,4.784321959157589
15336,2.0998568235254953
15337,3.9087449146333344
15338,2.611404455897283
15339,1.550261497715122
15340,2.4346658245411055
15341,2.9997264526018856
15342,4.182179388440233
15343,1.7946621951844803
15344,3.011745690462349
15345,1.3860099957278509
15346,6.875119538919902
15347,3.1882488295098437
15348,3.7082954462958977
15349,6.75623608946474
15350,6.946931193945277
15351,3.3969132933964685
15352,5.845661786633716
15353,2.4481941076937117
15354,5.976820848047913
15355,5.3670331727268685
15356,4.46838569695864
15357,6.09717997318803
15358,5.700960474030285
15359,5.674398125808882
15360,2.331012815125802
15361,3.0775385384043696
15362,5.6275183835406395
15363,2.1871420164138975
15364,5.034709312869933
15365,4.364313979415009
15366,6.439697980837182
15367,6.524655470599125
15368,7.382538483143671
15369,6.926867599693029
15370,3.1178852884558625
15371,3.0329716951864976
15372,5.415586130816614
15373,5.774453294669829
15374,3.8053770012309514
15375,3.0745617350658625
15376,2.5347811391796657
15377,4.392953667267831
15378,6.525120259718172
15379,0.8139875879782379
15380,4.468649947705793
15381,4.384558359659225
15382,1.8152387273610648
15383,8.181491626548713
15384,2.278179750930687
15385,4.861319106022147
15386,2.616095299144691
15387,1.9210789267340076
15388,4.99320525073778
15389,3.386821457585204
15390,5.5420632430474726
15391,5.55546483969362
15392,1.6555282922609236
15393,2.482917096535961
15394,2.732626154210232
15395,3.8484949869086647
15396,4.874308887968025
15397,1.5761103754749644
15398,2.5579428045361348
15399,5.991255614292896
15400,2.5698242835479865
15401,5.369507419976442
15402,5.136445715269767
15403,4.448691418179997
15404,6.381947992022187
15405,5.503288967716896
15406,7.228388715495306
15407,1.4451016486996795
15408,5.920538944894657
15409,4.383065779700672
15410,2.405180938183566
15411,4.520246507485749
15412,4.527517516311684
15413,1.0726938810667561
15414,5.67231695171016
15415,4.392903074560712
15416,3.267180607113639
15417,6.338241906546346
15418,5.713955249398316
15419,4.706661812421203
15420,2.636382100922229
15421,2.8300443565383313
15422,4.400181560708278
15423,3.973659535926036
15424,3.583892110394739
15425,4.162964407131035
15426,4.699502211217316
15427,4.14257648327881
15428,6.04180862071626
15429,3.3790960475801537
15430,3.4796501769086436
15431,2.652908218525667
15432,3.5862792424090966
15433,0.537538268928679
15434,3.8543850539563107
15435,4.094515596634438
15436,5.284443280480071
15437,2.4800459974920646
15438,4.746457814563661
15439,3.0382034235581266
15440,0.7987710350820586
15441,5.0305586489752825
15442,5.993024947267965
15443,4.207159963844314
15444,4.1743572564148455
15445,2.7155875826922733
15446,3.0418177294711897
15447,2.5981508722322637
15448,3.4313874957912813
15449,4.012065364512492
15450,5.189489164077776
15451,5.63461259187225
15452,2.865140740799387
15453,3.230457465270235
15454,4.437329535519588
15455,3.87708832263015
15456,4.290134192306795
15457,2.811714262317496
15458,5.200744147306446
15459,2.935013722512127
15460,3.4741667645578858
15461,1.1745282894561153
15462,2.7482554502766057
15463,4.747202037571874
15464,4.266995072425712
15465,1.47123098723752
15466,2.428103468811497
15467,1.6976638673857285
15468,3.7095884355163253
15469,3.5584077063738424
15470,2.554508603225429
15471,4.526001818917084
15472,3.7818117523679033
15473,4.268163276838267
15474,3.4498123800908944
15475,4.706816732312917
15476,5.174160664969735
15477,3.678749215102098
15478,4.511734469872238
15479,4.723903793609052
15480,4.390267092929527
15481,3.0322852346961264
15482,5.204984426634098
15483,2.5495675496677848
15484,4.7486985635230665
15485,4.354085142922646
15486,4.01736978448352
15487,4.890950189774488
15488,4.596540055617126
15489,5.008217700490459
15490,3.4090834548343034
15491,2.927767084595227
15492,0.748932533277221
15493,0.740829486317653
15494,4.253025974660069
15495,3.563612518364909
15496,7.129573596803041
15497,5.044911075203709
15498,1.5722661740366726
15499,4.132954569737002
15500,3.333553734747991
15501,5.340023789121801
15502,3.4224550557050426
15503,2.4389603832053854
15504,4.469092306658753
15505,3.6225258856925313
15506,4.882621566490467
15507,5.493510351808
15508,4.494768454300548
15509,5.309018977344195
15510,3.277823943268179
15511,1.579730751742387
15512,3.779140122971703
15513,5.262346767806847
15514,1.5695935174792321
15515,2.6223594883645545
15516,4.249034460254228
15517,7.772493344166399
15518,3.92422298977982
15519,1.1642426380767046
15520,3.076346404400783
15521,4.520800495816179
15522,-0.5208294109797251
15523,6.03352356571485
15524,2.988109765003529
15525,0.5350740300757215
15526,1.8053826113311415
15527,0.8222404902759262
15528,2.4088063000515487
15529,2.311209680478049
15530,3.4773290620592725
15531,0.6124023537139545
15532,4.017788124009669
15533,3.9392200034373515
15534,2.7672296747506224
15535,4.131695836651773
15536,3.7932743462041234
15537,7.344372261896286
15538,2.2935680652471206
15539,1.8704945529740615
15540,3.375771749926538
15541,4.451903751939128
15542,5.81610783475608
15543,2.9453820156076755
15544,7.938377015528418
15545,6.871010776758133
15546,1.9228338496734354
15547,5.214713313123971
15548,4.071340481865938
15549,7.221471724115304
15550,8.80903720756185
15551,2.0946909511329106
15552,6.952544604628113
15553,7.3701026496163475
15554,6.3984307322135106
15555,5.782160353805177
15556,2.3282688900321054
15557,6.648583948865033
15558,2.861436249989997
15559,3.9515265520084704
15560,4.034410185285147
15561,3.1210227674334017
15562,5.473477646039443
15563,2.8743545086920737
15564,1.7355736146627543
15565,2.6995555134914415
15566,0.4064941511387916
15567,4.769745299080393
15568,3.878948232523082
15569,5.0973866608910186
15570,5.809187814289025
15571,1.9411613251189228
15572,-0.4115473240955291
15573,2.9801868392043573
15574,1.7823434736032275
15575,0.11828717799644677
15576,5.412044027863404
15577,5.00515983061506
15578,7.8150768180457195
15579,3.9934500931043218
15580,5.004790779817435
15581,0.3253174256713291
15582,5.0134996657757425
15583,5.0888874464901965
15584,7.165368085042016
15585,1.8684614479471047
15586,8.207852115534209
15587,4.7465902616283335
15588,7.356951616416394
15589,0.7178875906628428
15590,4.905065774221354
15591,4.356184581778777
15592,3.7269383818719986
15593,3.533891273904905
15594,6.945973033821674
15595,6.165501621302493
15596,6.067771620008754
15597,6.739303331010044
15598,0.5746267527108558
15599,3.775048427137988
15600,5.63675201972778
15601,1.7502691672241637
15602,2.5009280102995635
15603,2.880829035083286
15604,3.89750300898586
15605,8.529088001628255
15606,2.6582065871423923
15607,4.375041375461514
15608,1.1631887943636952
15609,3.395670169529742
15610,5.916381964403145
15611,2.545346361506752
15612,3.004454559026165
15613,2.2866308877503183
15614,2.321250079359924
15615,2.991035124002253
15616,2.630531764464242
15617,2.579762837966645
15618,3.530354282763139
15619,2.844774471852454
15620,1.136261503056316
15621,5.037619339981563
15622,1.411566176218415
15623,4.2463690729283075
15624,4.621948735095788
15625,1.892136259439055
15626,3.274942275540077
15627,3.1253975445109017
15628,2.581574974263188
15629,2.2891343151803056
15630,4.783786584217273
15631,4.4500874384652755
15632,2.1915449282139963
15633,3.0079394169406326
15634,3.9520345409069915
15635,2.978140627201187
15636,3.4689180380577627
15637,2.6554876772685945
15638,3.692321167341486
15639,4.856695194139978
15640,4.3226535786189615
15641,3.9142395649076063
15642,4.752374838409533
15643,0.35655537586065167
15644,1.4125984310707989
15645,2.6038021208541546
15646,1.9418308729249956
15647,3.165748892022342
15648,4.127653376883468
15649,3.0229817867345816
15650,3.31536021145715
15651,1.960562432726692
15652,5.208335728769716
15653,3.026083327334231
15654,2.6664593622526653
15655,4.140868589180384
15656,1.3069860808212188
15657,1.9320390333881599
15658,2.641935434952588
15659,2.9719770352096777
15660,1.5197829705361816
15661,1.5943251033790058
15662,2.7388742418735514
15663,4.501161478970362
15664,3.1850288548787633
15665,2.126402130113427
15666,3.9621111218784937
15667,2.8534311413313223
15668,2.415742911645191
15669,2.539248845995836
15670,1.5616588686043258
15671,2.7557685542858765
15672,3.5289819705116017
15673,4.0196687791355075
15674,2.2602807260397344
15675,3.350117371743014
15676,3.040411054862719
15677,2.5856200332552466
15678,4.118932197557397
15679,3.530103249187073
15680,5.020417269025762
15681,4.476897967555887
15682,4.701074870389098
15683,0.10962795636933934
15684,2.129617431804099
15685,2.233318075322086
15686,2.854510531646538
15687,2.824556828309535
15688,3.327085985451278
15689,4.313693657263933
15690,3.628325134036782
15691,3.0979396527462333
15692,2.8803926918662146
15693,4.492176774757828
15694,2.6347611618828264
15695,2.54400301605457
15696,2.7493890777787584
15697,5.984065045455729
15698,2.2756807816446543
15699,3.599063679738756
15700,4.8823478565536576
15701,0.8438419096728591
15702,2.349056965189466
15703,4.684771438929152
15704,2.4660224182671273
15705,2.797261199729815
15706,6.74773135267559
15707,-0.149082203441718
15708,2.5264710844532234
15709,3.717759204241026
15710,4.6784744521527335
15711,3.965306643430716
15712,3.120845455858703
15713,3.199734413797911
15714,3.1344822628756965
15715,4.1943058382786305
15716,3.64023353270823
15717,3.478702724857109
15718,3.1635145933237454
15719,6.195680058061479
15720,3.7820219818821785
15721,1.344750744102478
15722,5.084676970676327
15723,4.758605714696948
15724,3.812208315662544
15725,-0.8048779649337734
15726,6.2847773391287145
15727,2.80002965736963
15728,1.88911809099522
15729,2.844251516746394
15730,2.905437508910781
15731,5.934971894334811
15732,3.2128069733995623
15733,2.0363426712922417
15734,0.3035637515075054
15735,4.208221515323782
15736,5.156479475091416
15737,4.325462613846625
15738,3.909513681935623
15739,2.8271329138378927
15740,2.8429809849115286
15741,2.5757132663698328
15742,4.352240743056285
15743,3.2637134485417287
15744,3.5396652486260476
15745,5.006845879964325
15746,3.1764516338376927
15747,4.251866116430797
15748,4.918162284207107
15749,1.708756820530319
15750,0.2815590153630977
15751,1.173217448313589
15752,2.8738324281031113
15753,0.8057636608149583
15754,2.28414369381873
15755,1.9184946343339813
15756,2.470909253545649
15757,0.7240362905146392
15758,3.387401016502793
15759,3.1447924329717463
15760,2.1593540111311116
15761,2.7092920712323587
15762,5.038604377067427
15763,1.285088019152513
15764,4.1826735651866285
15765,1.364858884264974
15766,5.751184326075959
15767,2.04965833263687
15768,2.1933301182438196
15769,2.4409851161427887
15770,2.2390541557539008
15771,1.9018098266351533
15772,2.7172830988797307
15773,2.070950156038645
15774,2.7922384133259683
15775,1.815491529344977
15776,1.0980434156038568
15777,1.1396680230498755
15778,2.167008605323881
15779,3.1605544684896363
15780,3.0546927180628938
15781,3.3780542684607404
15782,1.1299011390002247
15783,2.4725755684842112
15784,2.534939811303743
15785,0.7639235186131821
15786,4.489624505866298
15787,5.227340811085888
15788,4.767398896914075
15789,0.8510614505383702
15790,7.527552324817076
15791,4.236375985078329
15792,2.8728691612173645
15793,1.3866906291378076
15794,7.322479628382272
15795,2.3571869535236214
15796,5.2821081608297575
15797,1.2259333538346104
15798,2.969254760581467
15799,7.336249850520071
15800,5.88322758544669
15801,5.255428061031371
15802,4.6408524649989396
15803,5.098298657684441
15804,6.148565828267597
15805,3.3893464453163356
15806,5.196308132618975
15807,5.272395730924612
15808,2.4746978237761024
15809,6.732328326292391
15810,0.31314713046028286
15811,0.9396415498088162
15812,4.927683140824026
15813,3.9462961178948186
15814,1.9472581898708616
15815,2.7185628514861166
15816,5.496807575967171
15817,3.3489219385839304
15818,3.807743158060621
15819,5.688151292696654
15820,3.927492322055616
15821,6.503215589692985
15822,5.403873064997209
15823,3.918859460709301
15824,5.853128416814039
15825,2.458313060151404
15826,3.154105927340427
15827,2.4264145978271947
15828,3.315750280550279
15829,4.930736712516689
15830,6.106723200147419
15831,3.0236109861475873
15832,5.984105908878897
15833,6.273247369249081
15834,4.510813447220272
15835,0.5295253240763016
15836,4.107880536787173
15837,6.013081389379966
15838,2.5338149216547197
15839,0.7538432185768972
15840,3.503537950755966
15841,2.695818197096343
15842,8.107602202349499
15843,4.278522379473548
15844,2.8317873246713665
15845,1.789085000125863
15846,5.370914491140704
15847,5.283329204491847
15848,3.57305743359679
15849,3.4746169796506408
15850,7.620708217587219
15851,5.953090418845216
15852,2.3931543755275078
15853,6.6372411200306045
15854,2.4938222982628573
15855,2.8164874451119157
15856,5.545505859139751
15857,2.496126012983879
15858,5.221738131242748
15859,6.646186484602898
15860,5.381572471669571
15861,5.871495276036537
15862,5.893245495655547
15863,5.768991358496189
15864,5.829468753841589
15865,3.2370854177586246
15866,4.007644929451846
15867,4.217605204417177
15868,4.3829079878650425
15869,4.626328442684336
15870,2.3357961156101714
15871,1.5040414406579536
15872,1.2337834602442093
15873,2.3561664006651997
15874,4.82418310528589
15875,5.066323977331718
15876,4.1541800264269515
15877,0.3978613827659946
15878,5.371377113760074
15879,3.6314686076720593
15880,8.225224429007312
15881,3.8373615435078694
15882,3.1304685267251036
15883,5.554274681367033
15884,6.551925571206915
15885,4.408439109166043
15886,0.42289996125698237
15887,3.503717571527794
15888,2.593153684589297
15889,2.2037969358362366
15890,4.525340650381959
15891,3.154352993915272
15892,4.633477742086467
15893,2.7018808752679973
15894,3.012852346291327
15895,4.914454470109701
15896,3.517232452804776
15897,1.3815421311531857
15898,3.5938276077673494
15899,1.1817017182323508
15900,1.2467181147204873
15901,3.8199188849434433
15902,1.023626408098584
15903,2.1339648985740425
15904,3.2897128970366536
15905,1.910318910775058
15906,2.957642533343047
15907,1.6256507993462845
15908,0.8741554617149195
15909,3.783024985804272
15910,1.7605326339379852
15911,2.1902881853180327
15912,5.801147060858181
15913,3.438672368188102
15914,3.4272786323742035
15915,2.885605733763151
15916,3.095041965553057
15917,4.104686428805634
15918,1.370344429450335
15919,2.2713607993129123
15920,4.777818258724796
15921,3.316311006382664
15922,2.724076595644518
15923,3.316896780707424
15924,0.889417344103745
15925,3.3429832529176355
15926,2.385341512780036
15927,2.284919334500934
15928,1.6040016781034807
15929,2.0529181270632395
15930,4.948951662192659
15931,2.6033921387728736
15932,2.5248503719581286
15933,3.553006107292117
15934,2.962900629426904
15935,2.95754208410769
15936,5.09951585257661
15937,2.520412893664786
15938,3.0863713415976752
15939,3.604384700652971
15940,5.313926525203702
15941,1.5294238541451266
15942,0.7445543018315369
15943,4.075711298243097
15944,1.5357996056011878
15945,3.835697351431552
15946,4.930423751435821
15947,2.1127897262909783
15948,2.209932013693761
15949,1.8787372952159753
15950,3.11112637767574
15951,4.41188261975946
15952,4.454893794930401
15953,3.2317047656195483
15954,2.724050788693915
15955,2.290116768876952
15956,3.504335719651555
15957,4.168141540364533
15958,2.1574835129792533
15959,2.80621226159462
15960,3.678616753789885
15961,3.0185099103750455
15962,3.5127545092279457
15963,2.0793696071652548
15964,1.7701449373476241
15965,1.963288419162847
15966,1.895129874739268
15967,1.9582134503023054
15968,5.59977864406981
15969,2.632902887327928
15970,2.6477418302275435
15971,0.9208994546478517
15972,4.399324608839928
15973,2.181992463720342
15974,2.880633720882088
15975,2.436024790896599
15976,2.137347329137126
15977,3.8356061877683416
15978,2.652342287286869
15979,2.517563793859933
15980,4.98915363065397
15981,2.549439033561784
15982,3.0208210720782533
15983,6.001399068827511
15984,3.4121350128704657
15985,2.920596780953783
15986,1.240139410910456
15987,3.099831154119384
15988,4.651915926292643
15989,4.114179986741322
15990,2.85035579659278
15991,3.645589003567037
15992,1.3449883148612192
15993,4.233760451599032
15994,2.7841074523219476
15995,2.61073952802293
15996,2.0460055915646422
15997,2.875719324288044
15998,3.022877843971483
15999,1.3490742350933065
16000,1.4558166197716447
16001,1.770390294413049
16002,3.915818634828999
16003,5.362590892841766
16004,2.3264098621398537
16005,4.020056563366843
16006,8.205800765724751
16007,2.803878886890308
16008,5.982802981548058
16009,4.059910638689325
16010,1.9457805177803904
16011,4.7364526502124065
16012,6.754882670836208
16013,1.492647374384598
16014,6.711630936401139
16015,7.592737753095477
16016,6.126120683260239
16017,6.333988155829305
16018,7.222360065591266
16019,3.3409711913495768
16020,4.677715526385512
16021,2.0441727494723034
16022,4.798389256454614
16023,6.005497526546449
16024,5.529663730559724
16025,1.8183348531007733
16026,0.9282500655028757
16027,3.39691977572675
16028,3.475305817398507
16029,3.075551151057855
16030,2.1621943636593284
16031,2.2706147794764173
16032,2.225062634261838
